<?xml version="1.0" encoding="UTF-8"?>
<beans xmlns="http://www.springframework.org/schema/beans"
 xmlns:xsi="http://www.w3.org/2001/XMLSchema-instance"
 xmlns:p="http://www.springframework.org/schema/p"
 xsi:schemaLocation="http://www.springframework.org/schema/beans
 http://www.springframework.org/schema/beans/spring-beans.xsd">
 
  <bean autowire="byName" class="contextaware.Triangle" id="triangle"></bean>
  
<bean class="contextaware.Point" id="pointA">
  <property name="x" value="0"></property>
  <property name="y" value="0"></property>
</bean>
  
<bean class="contextaware.Point" id="pointB">
  <property name="x" value="-20"></property>
  <property name="y" value="0"></property>
</bean>
  
<bean class="contextaware.Point" id="pointC">
   <property name="x" value="20"></property>
   <property name="y" value="0"></property>
</bean>
 </beans>