<?xml version="1.0" encoding="UTF-8"?>
<beans xmlns="http://www.springframework.org/schema/beans"
	xmlns:xsi="http://www.w3.org/2001/XMLSchema-instance"
	xmlns:p="http://www.springframework.org/schema/p"
	xmlns:c="http://www.springframework.org/schema/c"
	xmlns:context="http://www.springframework.org/schema/context"
	xsi:schemaLocation="http://www.springframework.org/schema/beans
 http://www.springframework.org/schema/beans/spring-beans.xsd
 http://www.springframework.org/schema/context
http://www.springframework.org/schema/context/spring-context.xsd">
 <context:annotation-config />
 <bean class="annotationautowire.Address" name="address">
 <property name="city" value="Indore"></property>
 <property name="location" value="Palasia"></property>
 </bean>
 <bean class="annotationautowire.Employee" name="emp"></bean>
 
 </beans>