<?xml version="1.0" encoding="UTF-8"?>
<beans xmlns="http://www.springframework.org/schema/beans"
	xmlns:xsi="http://www.w3.org/2001/XMLSchema-instance"
	xmlns:p="http://www.springframework.org/schema/p"
	xmlns:c="http://www.springframework.org/schema/c"
	xsi:schemaLocation="http://www.springframework.org/schema/beans
 http://www.springframework.org/schema/beans/spring-beans.xsd">
	<bean id="CollectionDemo" class="collectiondemo.CollectionDemo">
		<property name="addressList">
			<list>
				<value>India</value>
				<value>Pakistan</value>
				<value>USA</value>
				<value>USA</value>
			</list>
		</property>
		<property name="addressSet">
			<set>
				<value>India</value>
				<value>Pakistan</value>
				<value>USA</value>
				<value>USA</value>
			</set>
		</property>
		<property name="addressMap">
			<map>
				<entry key="1" value="INDIA" />
				<entry key="2" value="Pakistan" />
				<entry key="3" value="USA" />
				<entry key="4" value="USA" />
			</map>
		</property>
		<property name="addressPrope">
			<props>
				<prop key="one">INDIA</prop>
				<prop key="one">INDIA</prop>
				<prop key="two">Pakistan</prop>
				<prop key="three">USA</prop>
				<prop key="four">USA</prop>
			</props>
		</property>
	</bean>
</beans>