<?xml version="1.0" encoding="UTF-8"?>
<beans xmlns="http://www.springframework.org/schema/beans"
 xmlns:xsi="http://www.w3.org/2001/XMLSchema-instance"
 xmlns:p="http://www.springframework.org/schema/p"
 xsi:schemaLocation="http://www.springframework.org/schema/beans
 http://www.springframework.org/schema/beans/spring-beans.xsd">
 <bean class="baenfactory.Employee" name="employee">
 
 <property name="name" value="Pradeep"></property>
 <property name="email" value="pradeep.lowanshi@yash.com"></property>
 </bean>
 <bean class="baenfactory.Employee" name="employee1">

 <property name="name" value="Lowanshi"></property>
 <property name="email" value="lowanshi@yash.com"></property>
 
 </bean>

 </beans>