<?xml version="1.0" encoding="UTF-8"?>
<beans xmlns="http://www.springframework.org/schema/beans"
	xmlns:xsi="http://www.w3.org/2001/XMLSchema-instance"
	xmlns:p="http://www.springframework.org/schema/p"
	xmlns:c="http://www.springframework.org/schema/c"
	xmlns:context="http://www.springframework.org/schema/context"
	xsi:schemaLocation="http://www.springframework.org/schema/beans
 http://www.springframework.org/schema/beans/spring-beans.xsd
 http://www.springframework.org/schema/context
http://www.springframework.org/schema/context/spring-context.xsd">
 <context:annotation-config />
 <bean id="mycompany" class="resourceannotation.Company">
        <property name="name" value="Yash Technologies Pvt. Ltd." />
        <property name="location" value="India" />
    </bean>
 
    <bean id="myemployee" class="resourceannotation.Employee">
        <property name="id" value="123456" />
        <property name="name" value="Pradeep" />
    </bean>
 </beans>